{
    "authors": {
        "name": "David Garrsion",
        "url": "https://os.mbed.com/users/sierrasmith71/"
    },
    "description": "Made changes to individually control servo speeds",
    "examples": [
        "https://os.mbed.com/users/sierrasmith71/code/VariableSpeedServo/"
    ],
    "frameworks": "mbed",
    "keywords": [
        "servos",
        "slow",
        "speed"
    ],
    "name": "VarSpeedServo",
    "platforms": "*",
    "repository": {
        "type": "hg",
        "url": "https://os.mbed.com/users/sierrasmith71/code/VarSpeedServo/"
    },
    "version": "0.0.0-alpha+sha.8bdb46e629b9"
}